,Full Text,Ease of Use
0,"['nephew fact ', 'waterproof finding black deal']",0
1,"['series amazing ', '', 'health ', 'attention']",0
2,"['gem durability ', 'battery life day hunt']",0
3,"['stopped charging ', 'bummed buy ', 'glad ', 'faster ', 'clear']",0
4,"['super work great ', 'price highly recommend']",0
5,"['excellent ', 'space gray ', 'great leaves access ', 'switch easily']",0
6,['great that'],0
7,"['', 'husb', 'airy wear ', 'working garden lot']",0
8,"['love everyday learn ', '', 'lot money']",0
9,"['item perfect imagine spending ', 'true love love love big game changer']",0
10,"['bought ', 'relative series love ', 'enjoying ', 'learning bought']",0
11,"['sport ', 'bought ', 'fell ', 'broke bought ', 'brand']",0
12,"['forerunner heart rate monit', 'running black excellent convenient heath wellness']",0
13,['great affordable attractive'],0
14,"['love stylish ', '', 'cant heart rate ', 'burning']",0
15,['price though previous generation'],0
16,"['', 'large display menu color']",0
17,"['salesman patient friendly ', 'knowledgeable ', 'love buy']",0
18,"['love easy wear ', 'closure stays tightly closed bought ', 'series ', 'perfectly']",0
19,"['capacity ', 'longer cord ', 'regular charger bit length love']",0
20,"['love col', 'addition ', 'wear ', 'day ', '', 'recharge']",0
21,"['series ', 'match perfectly ', 'face sharp']",0
22,['comfortable ordered miscellaneous but'],0
23,"['charge charge returned charge ', 'uncomfortable wear']",0
24,"['', '', 'broke track sleep didnt ', 'work ', 'keeping track junk']",0
25,"['wont charge phone pro charge series edition ', 'wont work phone disappointed']",0
26,"['charger ', 'doesnt work fit rubber sleeve ', 'charge completely purpose purchase']",0
27,"['love charge ', '', 'connection broke glued plastic piece ', 'tape']",0
28,"['', 'hey android pretty fair purchase product work dont recommend honestly']",0
29,"['received charger worth time return bought ', 'hope kind bummer']",0
30,"['bumper protect ', 'difficulty']",0
31,['nice fit series stay locked loose returned'],0
32,"['bumper ', 'scratch ', 'work perfectly']",0
33,['stuff but'],0
34,"['market ', 'cant stretch great life mate']",0
35,"['hard connect charge phone ', 'though list ', 'compatible days']",0
36,"['faded bad ', '', 'luck']",0
37,"['ended ', 'connect ', '', 'worked great']",0
38,"['nice charge ', '', 'month start lift reseal ', 'eventually start lifting']",0
39,"['idea ', 'convenient house worry phone room room']",0
40,"['love smart display ', 'battery bit longer coming lite']",0
41,"['love accurate shower personally dont ', '', '', 'highly recommend']",0
42,"['browser support video fan ', 'air fan']",0
43,"['good ', 'works issue']",0
44,"['charge ', '', 'advanced charge place trick for']",0
45,"['love cant imagine living ', 'everyday finding awesome wearable']",0
46,"['', '', 'series ', 'lot responsive']",0
47,"['works happy ', '', '', 'phone']",0
48,['easy attach secure wrist comfortable easy attach easily'],0
49,"['gen nice accurate ', 'good nicely built ', 'worth price']",0
50,"['bad works perfectly fine ', '', 'save money setup love']",0
51,"['bought gift ', 'birthday ', 'price range battery life wife']",0
52,"['love ', '', 'pay oxygen level']",0
53,"['love track ', 'walk face liking easy']",0
54,"['quick easy order process ', 'sell price easy and']",0
55,"['excellent gift love paired phone ', '', 'read news track exercise routine diet']",0
56,"['', 'easy metal easier and']",0
57,"['cool device size perfect size ', 'small']",0
58,"['love pink ', 'dirty']",0
59,"['amazing love ', '', 'buy']",0
60,"['love ', 'buy buy ', 'price ', '', 'doubt difference']",0
61,"['', 'wife ', 'comfortable ', 'size charge']",0
62,"['great ', 'bought ', 'wife ', 'works great ', 'suppose battery life good']",0
63,"['', 'love product pretty ', 'barely now']",0
64,"['ordered ', 'ready hour associate brought car love fitness']",0
65,"['', 'perfect ', 'cute buy for']",0
66,"['happy purchase ', 'generation']",0
67,"['excellent product type ', 'series easy clean soap ', 'water']",0
68,"['love easy light cooler ', 'summer bought ', 'open box']",0
69,"['live bought ', 'stays connected phone']",0
70,"['gift timely ', 'person ', 'received check life saver']",0
71,"['smart ', '', 'love fantastic huge beautiful and']",0
72,"['love inspire ', 'moving ', 'making great progress helping lose great price']",0
73,"['finally ', '', 'durable']",0
74,"['', 'dont phone people house ', 'convenient']",0
75,"['', '', 'happy league stylish comfortable ', 'versatile']",0
76,"['', 'love feel size bit smaller size ', 'save difference price']",0
77,"['love smart simple ', '', 'totally worth price']",1
78,['time perfect condition recommend watching tube comfortable setting'],0
79,"['easy ', 'pair phone fraction price purpose']",0
80,"['', '', 'col', 'photo great silver defiantly buy']",0
81,"['', 'son daily and']",0
82,"['', 'extra charger works perfectly recommend extra ', 'save money']",0
83,"['series excellent condition ', 'update ', 'update night speaker amazing']",0
84,"['love ', 'money ', 'cool excellent fitness tracker gym']",0
85,"['amazing ', '', '', 'good device upgrade series']",0
86,['series love difference functionality though'],0
87,"['love ', 'love service received buy ', '', 'for']",0
88,['prestigious recommend strenuous adventurer and'],0
89,"['nice graphics great clear ', 'sharp picture']",0
90,"['love fast delivery ', 'love ', 'fitness ', 'handy ', 'reading ', 'working']",0
91,"['black ', 'wife birthday ', 'rose gold belt good rose gold belt']",0
92,"['rubber ', 'doesnt wrist break ', 'nice ', 'tight']",0
93,"['', 'easy ', 'comfortable wear prefer plastic ', 'standard']",0
94,"['perfect st', '', 'mode magnet links charger ease note additional charger']",0
95,"['buy series ', '', 'glad']",0
96,"['', '', 'model point friendly ', 'great buy']",0
97,"['', '', 'exercise time weather ', 'talking phone']",0
98,"['', '', 'wear']",0
99,['morning morning loving wrist great'],0
100,['series cellular space gray aluminum sport space gray aluminum excellent'],0
101,"['', 'perfectly plan trade highly recommend']",0
102,"['love series enjoy ', 'talk speaker microphone send text']",0
103,"['', 'galaxy active even']",0
104,"['long time ', 'finally unending absolutely love']",0
105,"['tech experience ', 'active ', 'conveniency series']",0
106,"['teenage daughter ', 'version ', '', 'great']",0
107,"['bought ', 'wife early gift ', '', 'price']",0
108,"['buy awesome strong ', 'attractive lots']",0
109,"['everyday exception ', '', 'works ', 'super intuitive']",1
110,"['cant long cant leave house ', 'work life easy ', 'work']",0
111,"['love ', 'simplicity amazing simple ', 'understand']",1
112,"['favorite staff friendly ', 'helpful when']",0
113,"['series ', 'crack glad making affordable ', 'good option']",0
114,"['', 'heart ', 'blue color']",0
115,"['return item ', 'wife ', 'birthday ', 'sort time']",0
116,"['magnetic charging cable ', 'works perfectly plug port vehicle and']",0
117,"['pretty easy ', 'perfectly shipped ', 'happy purchase']",0
118,"['absolutely love gold stunning blue strap ', 'bought gold magnetic mesh for']",0
119,['bought adapt charging cable connect traditional cable wall charger works perfectly'],0
120,"['love heart issue ', 'love ', 'check ', 'heart rate wonderful']",0
121,['stopped working item hold charge replacement accomplished'],0
122,"['buy lot ', 'useless safe ', 'buy good']",0
123,"['pin attach broken ', 'strap fat fit slot ', 'insert']",0
124,"['return wrong size ', '', 'love shop buy store']",0
125,"['', 'great ', 'affordable alternative style simple ', 'sleek ', 'good ', 'price']",1
126,"['good experience ', 'than']",0
127,"['body ', 'removed star ', 'dirty quick ', 'resolved quick wash']",0
128,"['great alternative br', 'insignia phone ', 'works charger good price']",0
129,"['works ', 'phone easy connect ', 'music ', 'sleep time close']",0
130,"['series cant spot ', 'nice ', 'youve highly recommend']",0
131,"['replace ', 'broke good price paying ', '', 'dont']",0
132,"['great video ', 'easy setup great peace mind ', 'sending motion photo phone and']",0
133,"['great love ', 'turn water mode ', 'wear ', 'swimming longer battery life ', 'comparable']",0
134,"['bought product charge ', 'didnt box works designed ', 'price decent']",0
135,"['love health track fitness ', 'happier purchase']",0
136,"['charge ', 'sense love dont ', 'sense tho']",0
137,"['', 'wife wanting blue replacement ', '', '', '', '', 'great shape good buy']",0
138,"['love connect phone ', '', 'receive ', 'pickup phone']",0
139,"['skeptical series ', 'glad lot great specs love']",0
140,"['love worth extra money bought ', 'expensive ', 'love']",0
141,"['', 'absolutely fitness compatible easy cheap for']",0
142,"['sixth ', 'continuously rotate sons finish beautiful']",0
143,['works good phone life lot easier pick phone morning text'],0
144,"['husb', 'doesnt wear wrist ', 'inspire purchase fit ', 'happy']",0
145,"['protect great ', 'piece mind worry ', 'great']",0
146,"['expect comfortable ', 'easy set battery life great']",0
147,"['tool wife heart rate ', 'sleep great tool ', 'communication']",0
148,"['smart ', '', 'stays ', 'future smart']",0
149,['works fully easy set display nice bedroom bright night'],0
150,"['great fit downfall ', 'heat ', 'day']",0
151,"['gorgeous formal ', 'casual comfortable wear product']",0
152,"['charge ', 'key sell for']",0
153,"['great works great ', 'track walking ', 'activity great purchase ', 'highly recommend ', 'activity']",0
154,"['love series worried ', 'spending money ', 'immeasurable']",0
155,"['husb', 'happy ', 'doesnt ', '', 'good alternative']",0
156,"['tough phone charger connection ', 'works great ', 'love ', 'throw charge']",0
157,"['', 'great face covered ', 'impede touch']",0
158,['switched brand'],0
159,"['charger ', '', 'traveling works great ', 'short cord tripping charging cord']",0
160,"['received ', 'love easy ', 'user recommend']",0
161,"['', 'wonderful idea ', '', 'good']",0
162,"['', 'daughter wasnt expensive ', 'pretty loving']",0
163,"['great smart ', 'shame fisher smart listen millennial']",0
164,"['original finally stopped working bought ', 'love ', 'than']",0
165,"['inspire easier ', 'wear ', 'bracelet style great ', 'counting ', 'keeping']",0
166,"['doesnt ', '', '', 'effective listening music pain']",0
167,"['series awesome ', '', '', 'amazing daily']",0
168,"['bought ', 'style satisfied battery doesnt']",0
169,"['love accidentally washer ', 'works ', 'soaked convenient check and']",0
170,"['series ', 'decided upgrade series great upgrade ', 'battery life opinion great']",0
171,"['bought ', 'daughter replace faster works great ', '', 'loving']",0
172,"['neat ', 'price battery life excellent text great product']",0
173,"['', 'family ', 'sleep analysis ', 'day']",0
174,"['', 'pay ', 'nice ease attractive']",0
175,"['great ', 'love display nice glance raise wrist battery day']",0
176,['works great box series bigger millimeter face user friendly'],0
177,"['', 'works awesome mac ', 'love unlock']",0
178,"['', 'fitness ', 'amazing that']",0
179,"['bought replace great ', '', 'heart rate ring doorbell']",0
180,"['', 'days single charge battery life ', '', 'main reason switched']",0
181,"['order ', '', 'love ', 'order bought ', 'great']",0
182,"['enjoy ', 'wear daily close great ', 'generation']",0
183,"['time wear ', 'professional atmosphere people ', 'price']",0
184,"['', 'wrist breaking rash wearing original comfortable ', 'reaction']",0
185,"['love replace ', 'faster battery life tho workout counting accurate']",0
186,"['time ', 'glad love easy set ', '', 'everyday']",0
187,"['original ', 'falling wonderful replacement reasonable price']",0
188,"['dont lived life great ', 'healthy dont regret buy']",0
189,"['love ', 'long standing ', 'waterproof swim problem']",0
190,"['cant leave house phone ', 'cycle service buy excellent']",0
191,"['love ', 'times ', 'cellular version ', '', 'ozone']",0
192,"['didnt charge happy wear lot ', 'doesnt long charge']",0
193,"['saved ', 'forgot ', 'catching softball game']",0
194,"['love convenient ', 'pull phone purse straight phone']",0
195,"['love day ', 'dont wear handy ', '', 'text change music and']",0
196,"['series ', 'great choice fast series ', '', 'bigger display game changer']",0
197,"['cannot nice ', 'price ', 'extra bar nicely highly recommend']",0
198,"['perfectly super sleek ', 'col', 'comfortable wear day']",0
199,"['', 'birthday absolutely works great battery life ', 'deal breaker']",0
200,['love super practical device mind built wearing android operating'],0
201,"['', '', 'and']",0
202,"['sooner ', 'works seamlessly great product']",0
203,"['wrong voice phone camera remote fitness tracker nice ', 'device']",0
204,"['love play music ', 'lots gear fit']",0
205,"['picked ', 'daughter ', 'birthday worn ', '', 'track sleep']",0
206,"['great wireless charging pad ', 'multiple wont work ', 'didnt for']",0
207,['love product problem charge series long time'],0
208,"['love love love great series series love h', 'wash ', 'heart oxygen']",0
209,"['love operation ', 'fit replace older ', 'face']",0
210,"['', 'finally convenience life worth price']",0
211,"['functional charger nice design bought ', '', 'priced recommend']",0
212,"['great buy ', 'convenient bought fitness track ', 'ton cool']",0
213,"['spare charger ', 'works great ', 'faster ', 'originally regularly']",0
214,"['instinct ', 'learn ', 'easy start great']",0
215,"['wife ', '', '', 'display']",0
216,"['', 'wife ', 'nice soft touch material ', 'breathe']",0
217,"['great price charge ', 'great ', 'fitness ', 'plenty teacher']",0
218,['series charging cable charger daily built good'],0
219,"['love easier ', 'easier keeping track heart rate ', 'spinning']",0
220,"['inspire ordered stopped working ', 'couple received ', 'longer works']",0
221,"['lots air ', 'felt cheap worth spent removed after']",0
222,['series charge device'],0
223,"['horrible charge ', 'doesnt work phone ', 'worth price highly disappointed']",0
224,"['year ', 'charge quit working ', 'success work ', '', 'reset']",0
225,"['buy account ', '', '', 'days business']",0
226,"['disappointed edge peeled ', '', 'dirt stick']",0
227,"['son ', 'arm itch recommend']",0
228,"['works gen smart current cable ', 'kick bucket']",0
229,"['series economically cheap ', 'latest series']",0
230,"['great fit ', 'spot ', 'catching ', '', 'item great']",0
231,"['', 'great great stiff ', 'happy']",0
232,"['love husb', 'col', 'ways product amazing price tag steep ', '', 'pay for']",0
233,"['happy good love cellular ', '', 'walking nice music carrying phone']",0
234,"['love lot ', 'fit bit ', 'worth price totally enjoy']",0
235,"['catalyst ', 'great product protect']",0
236,"['', 'standard solid ', '', 'comfortable because']",0
237,"['lost original charge small ', 'great wear everyday']",0
238,"['specially ', 'work physically pull phone text']",0
239,"['love ', 'stay fit moment breathe ', 'heart health dope']",0
240,"['series silver aluminum white sport silver aluminum bought ', 'daughter love']",0
241,"['item bathroom love ', '', 'plug ', 'charging phone and']",0
242,"['love perfect love great price good fit ', 'tech ', 'user friendly']",0
243,"['', 'whatnot ', 'time ', 'halo contender']",0
244,"['', '', 'love glad switched ', 'decided upgrade']",0
245,"['sharp simple clean design easy perfectly ', 'wrist col', 'gorgeous']",1
246,"['gift fir wife ', '', '', '', 'happen light ', 'sleek']",0
247,"['buy love series busy workout reminder ', 'love happy that']",0
248,"['excellent android though wont beat android phone ', 'price option']",0
249,"['love gift ', 'recipient hard ', 'great entry']",0
250,"['love cant wrong ', '', '', 'smart']",0
251,"['convenient ', 'driving easy answer ', 'heart rate ', 'daily']",0
252,"['', 'love perfect ', '', 'happy']",0
253,"['', 'partial day ', 'work animal hospital ', 'when']",0
254,"['happy bigger ', 'battery life great and']",0
255,"['charge ', '', '', '', '', 'love ', 'style']",0
256,"['love light cooler ', 'summer ', 'open box']",0
257,"['series edition flawless music ', 'carrying phone']",0
258,"['series great luxury work life easier idea ', 'learning day']",0
259,"['cake highly ', 'choosing ', 'fit bit love sleekness ', 'phone']",0
260,"['stay connected expensive luxury ', '', 'time fav', 'buy']",0
261,"['', '', 'ring nice ', '', 'feel ', 'informed']",0
262,"['glad buy bigger sale ', 'time works great recommend']",0
263,"['love initially ', 'fit bit saved']",0
264,"['', '', '', 'long pretty good']",0
265,"['love wear ', 'everyday ', 'quick lot great ', 'specs']",0
266,"['ionic ', 'stopped charging ', 'warranty ', 'liking']",0
267,"['great ', 'longer offering ', 'strange']",0
268,"['love easier ', 'previous charge clock enjoying']",0
269,"['paired easily works great cute bumper ', 'protect investment']",0
270,"['', 'buy adapter ', 'easy buy ', 'wasnt included']",0
271,"['great latest technology ease ', 'data fabulous highly recommend']",0
272,"['bigger good battery ', 'but']",0
273,"['amazing ', 'change display time ', 'heartbeat']",0
274,"['', 'good price ', 'purchase but']",0
275,"['husb', 'expensive ', 'job ', 'perfect for']",0
276,"['wanting ', 'a', '', 'love purchase sleek ', 'easy']",0
277,"['love ', 'high ', 'col', 'fade good nut ', 'price']",0
278,"['love product ', '', 'cant imagine ', 'when']",0
279,['works compliment charger series power adapter'],0
280,"['bought record ', '', 'great job love']",0
281,"['super amazing wanting track ', 'long spending affordable ', 'reliable great purchase']",0
282,"['bought ', 'mother ', 'fancy ', 'track great product']",0
283,"['comfortable ', 'ventilation great ', 'exercise highly recommend for']",0
284,"['bought ', 'sons birthday didnt bought buy']",0
285,"['bought fit ear ', 'wear hearing works great work sound fantastic']",0
286,"['love perfect ', '', '', '', 'running calorie counting ', 'phone']",0
287,"['bought series silver aluminum white sport silver aluminum product ', 'performance awesome']",0
288,"['', 'job ', 'fancy']",0
289,"['', 'felt upgrade hearing alert ', 'great']",0
290,"['daughter ', 'family ', 'service cant wrong']",0
291,"['', 'long time gift love negative charge nightly']",0
292,"['protect ', 'expensive works good ', 'face ', 'place']",0
293,"['good basic series extra functionality series great price point ', 'sale that']",0
294,['original difference loving fast charge death fully'],0
295,"['series ', '', '', 'bought ', 'year dad ', 'birthday loving']",0
296,"['love push ', 'helpful dont phone sitting desk']",0
297,"['face ', '', 'continually replace even']",0
298,"['', '', '', 'when']",0
299,"['love battery life great ', 'days charging sleep and']",0
300,['charge good additional happy purchase'],0
301,"['', '', '', 'hesitant wouldnt bulk small great ', 'love']",0
302,"['good ', 'good price ', 'decent scratches ', 'set for']",0
303,"['series stainless steel nice ', 'stainless steel']",0
304,"['h', '', 'series continue purchase love ', 'busy and']",0
305,"['', 'loving drive lot ', 'navigation notified turns ', 'location dont']",0
306,"['awesome staff informative purchase love easy maneuver ', 'understand']",0
307,"['loving didnt ', 'expensive ', '', 'pay ', 'and']",0
308,"['easy install strap hold wear play basketball ', 'undone easy remove ', 'wash']",0
309,"['wife everyday ', 'exercise ', 'and']",0
310,"['great charger connected anker travel st', 'change phone pro ', 'simultaneously']",0
311,"['decided buy ', 'health scare heart rate monit', '', 'built monit', 'health']",0
312,"['adapter ', 'charger connect cable older power charger block item job']",0
313,"['family love sleek ', 'functionality ', 'spouse ', 'birthday']",0
314,"['love ', 'sport black sports enjoy screening cell phone neat ', 'face']",0
315,"['wanting ', 'time ', 'finally bit bullet amazing completely satisfied purchase']",0
316,"['received ', 'original beware electronics for']",0
317,"['sport duo ', 'dont bother worth money great ', 'couple falling']",0
318,"['product worthless glass stay ', 'rubber bumper issue ', 'worse']",0
319,"['ironman ', 'worked completely die box']",0
320,"['returned ', 'bought happier subscribe monthly didnt ', 'idea']",0
321,['waste money returned couple days reach told'],0
322,['batter doesnt days'],0
323,"['good product ', 'trouble product ', 'time couple small that']",0
324,"['learning havent ', 'gen love oxygen ', 'heart rate battery life']",0
325,"['silicone ', 'broke ', 'year ', 'multiple adjustment']",0
326,"['works ', '', 'buck ', '', 'wore and']",0
327,"['good month buy associate install series ', 'worked']",0
328,"['love charge happy program insurance love ', 'built']",0
329,"['working fine whatsoever easy ', 'rarely actual restart viper button']",0
330,"['', 'fraction money missing written ', 'figure']",0
331,"['goodness naked ', 'cant live device wrist']",0
332,"['sharp simple clean design charge perfectly ', 'wrist stylish ', 'love color']",1
333,"['bought ', 'birthday ', 'everyday fitness fitness']",0
334,"['love series ', 'user friendly ', '', 'fall bang']",0
335,"['smart ', 'android ', 'compare display']",0
336,"['device perfectly wahoo fitness phone ', 'construction update review after']",0
337,"['small wrist ', 'perfectly love carbon fiber pretty nice ', 'bulky']",0
338,"['sport breathable ', 'standard sport wrist doesnt feel sweaty']",0
339,"['smart love ', 'active activity program']",0
340,"['works great ', 'charger ', 'stable night st', 'charge fast']",0
341,"['amazing ', 'perfectly ', 'ventilation']",0
342,"['love everyday track check ', 'sleep night check sleep']",0
343,"['loving upgrade charge ', 'stopped working ', 'crossing']",0
344,"['', 'market ', 'great and']",0
345,"['', '', '', '', 'decided process simple ', 'happier']",1
346,['simple box feel phone properly even'],1
347,"['big fan love option wrist nicely ', 'enjoy compass series']",0
348,"['love order ', 'disappointed long ', 'good price ', 'buy good job']",0
349,"['charger works ', 'quick great ', 'purse small bag']",0
350,"['perfect lightweight dont ', '', 'easier']",0
351,['happy charge step charge glad dont constantly shower'],0
352,"['prefer series ', 'battery life didnt ', 'form fact', 'series']",0
353,"['', 'learning time ', 'and']",0
354,"['nice upgrade ', 'option face plate choose']",0
355,"['love integration wireless charging ', 'charging capability slot charge item']",0
356,"['buy ', 'glad bought colors great ', 'easy durable ', 'thought']",0
357,['class series excellent market highly recommend market'],0
358,"['love works handy recall ', 'hurry lot ', 'phone']",0
359,"['upgrade great smooth ', 'sailing ', 'bought hooked ', 'process']",0
360,"['works great tough hook ', '', 'easy ', 'accurate lot than']",0
361,"['love ', 'learning happy']",0
362,"['helpful ', 'battery longer making day keeping charger handy boost']",0
363,"['long ', 'food turns perfect time ', 'easy phone']",0
364,"['bought ', 'son gift ', '', 'year convinced purchase']",0
365,"['', '', 'exercise regimen ', 'feedback performance filled void']",0
366,"['real ', 'real great ', 'design ', 'awesome']",0
367,"['nice strong leather beautiful perfect ', 'highly recommend product job']",0
368,"['wasnt ', 'realize dont carry phone time']",0
369,"['excellent fitness main fact', '', 'track ', 'walk day']",0
370,"['ordered col', 'variety charge ', 'great easy ', '', 'nice colors']",0
371,"['clutter ', '', 'fall night st', '', 'nice view night ', 'clock awesome product']",0
372,"['stylish everyday ', 'trick leave wrist sweaty traditional']",0
373,"['great ', 'recommend ', 'buy replacement']",0
374,"['preferred coverage bumper glass ', 'separate bumper ', 'glass protect face']",0
375,"['charger works great ', 'white scratch good buy ', 'good product']",0
376,['upgrade series bit expensive'],0
377,"['', 'though series works great ', 'purpose ', '', 'extremely happy item']",0
378,"['replace gear ', 'love ', 'upgrade']",0
379,"['', 'option ', 'function needing phone connected']",0
380,"['bought series silver aluminum white sport silver product ', 'performance awesome']",0
381,"['daughter ', 'family ', 'service wrong']",0
382,"['inspire great tool ', 'honest ', 'active ', 'great cat face']",0
383,"['love ', 'love display ', 'day']",0
384,"['awesome product works ', 'fraction price ', 'year battery life great']",0
385,"['love generation ', '', 'love workout']",0
386,"['hard ', '', 'learn ordered for']",0
387,['happy purchase buy price buy'],0
388,"['', 'battery life sleep']",0
389,"['form gift ', 'personal anniversary love extra ', 'phone']",0
390,"['', 'protect soft ', 'good job ', 'clear color']",0
391,"['previous original maj', 'upgrade great battery life and']",0
392,"['', 'fitted budget ', 'long time finally ', 'happier']",0
393,"['', 'wife ', 'daily battery life comfort ', 'ease']",0
394,"['love series easy ', 'lot ', 'enjoy experience great']",0
395,"['told gift ', 'owner ', 'set ', 'personal']",0
396,"['sleep good ', '', 'battery doesnt days ', 'enjoying']",0
397,"['regular user ', 'type work access text phone']",0
398,"['love charger ', 'turning ', 'forgotten fully charge morning']",0
399,"['enhance ', 'magnetic ', 'easy buy product color']",0
400,"['love buckle easier ', 'secure price opinion ', 'for']",0
401,"['generation ', '', 'picked ', 'didnt health']",0
402,"['', 'charge ', 'week accurate ', 'amazing']",0
403,"['love inspire wrist small ', 'slender time ', 'description']",0
404,"['beautiful ', 'great material ', 'great white ', 'feel']",0
405,"['charge ', 'version exercise sleep heart rate and']",0
406,"['high build ', '', 'infinitely adjustable fit works ', '', 'nice instantly']",0
407,"['great ', '', 'flash ', 'podium']",0
408,['love and'],0
409,"['aware ', 'special charging brick grateful ', 'representative told ', 'and']",0
410,"['love ', 'a', '', 'finally decided easy set ', 'than']",0
411,"['bought alternative work ', 'received ', 'turned ', 'charging night']",0
412,"['bought ', '', 'plastic ', 'for']",0
413,"['coating chipped day device po', 'appearance']",0
414,"['easily ', 'bought ionic absolutely ', 'horrendous phone support']",0
415,"['good ', 'heavy ', 'snaps hair waterproof that']",0
416,"['good tracker ', 'extra ', 'good device ', 'than']",0
417,"['work great didnt ', 'dont completely ', 'learning ', 'enjoying']",0
418,"['', 'easy ', '', 'nice tech material soft durable ', 'playable']",0
419,"['love time smaller ', 'series bigger display what']",0
420,"['good coverage ', 'min', '', 'visible charge responsive']",0
421,"['walk breeze sound good cutting ', 'hindrance good']",0
422,"['active ', '', 'easier ', 'previous gear pro ', '', 'and']",0
423,"['', 'version time ', '', 'while']",0
424,"['protect ', 'ended reckless']",0
425,"['seni', 'knowing oxygen level ', 'heat rate close']",0
426,"['great product ', 'active ', 'overly active individual love connect ', 'track activity ', 'price than']",0
427,['love love love version daughter'],0
428,['purchase hope open battery'],0
429,"['track health ', 'lost lot weight awesome ', 'highly recommend ', '', 'perfect']",0
430,"['browser support video moving ', 'walking treadmill morning week']",0
431,"['extra charger ', 'charge ', 'car ', 'traveling ', 'and']",0
432,"['fantastic ', 'send text ', '', 'and']",0
433,"['love ', 'dime ', 'g', '', 'birthday extra ', 'bigger']",0
434,"['bought open box ', 'received practically absolutely love accountable ', '', 'shape']",0
435,"['fitness ', 'generation fitness journey losing']",0
436,"['good ', 'reliable ', 'job ', '', 'highly recommend']",0
437,"['love received gift ', 'ended ', 'year son works great ', 'nice']",0
438,"['gift purchase ', 'husb', 'love price tag']",0
439,"['game changer ', 'phone charger bonus ', 'charge flying night stand']",0
440,"['', 'charge good fit easy apply ', 'scratching hard ', 'rough']",0
441,"['perfect gift ', 'wife happy product excellent buy fine perfect gift']",0
442,"['house charger ', 'phone']",0
443,"['', 'loving easy great ', 'love ', 'fitness free for']",0
444,"['excellent warm handle grip original coupling perfect col', 'remains']",0
445,['charge heart rate active'],0
446,"['', 'great condition ', 'durable protect ', 'great price']",0
447,"['love phone ', 'physical ', 'work harder day']",0
448,"['reason dont ', '', '', 'working']",0
449,"['worth buy simple beautiful ', 'great ', 'and']",1
450,"['great comfortable ', 'sporty bought sale good deal regular price expensive ', '', 'pay for']",0
451,"['perfect material ', 'stays cool ', 'great sizing ', '', 'that']",0
452,"['bought ', 'birthday replace ', 'easier read']",0
453,"['', 'smart decided easy set ', 'extra workout ', 'health']",0
454,"['love galaxy active seamlessly phone ', 'working ', 'phone breeze']",0
455,"['protect sale ', '', 'good item']",0
456,"['great size ', 'superb battery life ', '', 'big ', 'track ', 'heart rate']",0
457,"['son wanting finally perfect ', 'pay extra ', 'series works great']",0
458,"['love upset reward ', 'dont buy']",0
459,"['received birthday gift wall charger buy charger store ', 'purchase ', 'day']",0
460,"['decided stainless steel version glad love weight ', 'feel series']",0
461,"['touch ', 'nice ', 'son lot bright']",0
462,"['original series ', 'love love swim']",0
463,"['', 'lite ', '', '', 'love ', 'change easily']",0
464,"['', 'satisfied works ', '', 'problem wearing day']",0
465,"['', 'feel great ', 'easy stays ', 'great warranty program']",0
466,"['', 'perfect condition love for']",0
467,"['', 'battery life']",0
468,"['sport ', 'brown ', 'light blue killer orange picture dont justice']",0
469,"['perfect ', '', '', '', 'works excellent wont complete easy install ', 'setup']",0
470,"['love battery life love ', 'wrist love']",0
471,"['', 'ape days ', 'sturdy ', 'high tech time great awesome purchase']",0
472,"['bought ', 'wife leather ', 'great size']",0
473,"['', '', 'helpful easy ', 'fitness']",0
474,"['super cute people ', '', 'people']",0
475,"['', 'birthday absolutely easy program battery life awesome highly recommend']",0
476,"['', 'regular exercise schedule aware sleep hygiene']",0
477,"['', 'easy ', 'pristine shape']",0
478,"['perfect condition ', 'works perfectly fine loving ', 'nice faster ', 'thought']",0
479,['happy purchase price buy'],0
480,"['wore ', 'though ', 'change while']",0
481,"['bought ionic ', 'husb', '', 'day ', 'upgrade previous']",0
482,"['', 'hesitant update price ', 'open product price bought']",0
483,"['', '', '', '', 'didnt perfect']",0
484,"['love price simple bought ', 'stretch']",1
485,"['version ', 'great price ', '', 'col', 'great']",0
486,"['', '', 'comfortable accurate ', 'easy stays ', 'week']",0
487,"['worked beautifully ', 'saved charge happy product ', 'fit perfect ', 'saving time ', 'money']",0
488,"['works ', 'wireless charging small ', 'light ', '', 'small love']",0
489,"['good times ', 'highly recommend wearer']",0
490,"['product ', 'charge phone ', 'phone phone while']",0
491,"['love fast easy battery life long charge ', 'day']",0
492,"['beating absolute purchase ', '', 'price cant wrong']",0
493,"['love ', 'charge doesnt long bur charge ', 'leave house morning']",0
494,"['charge charge ', '', 'love bought']",0
495,"['col', '', 'rose col', '', '', 'shiny sliver col', '', 'love']",0
496,"['simple ', 'sophisticated comfortable ', '', 'sophisticated']",1
497,"['great ', 'nice ', 'save lot money highly recommend']",0
498,"['good cheap good ', 'super cheap ', 'battery ', 'days and']",0
499,"['multiple smart ', '', 'track health ', 'sleep']",0
500,"['previous happy love ', 'dont phone nearby for']",0
501,"['favorite sport col', 'aquamarine blue ', 'green ', '', '', 'usual']",0
502,"['chose works phone ', 'send text listen music']",0
503,"['love ', 'stainless steel mesh enjoy screening cell phone neat ', 'face']",0
504,"['husb', '', 'super light weight easy clean ', 'great ', 'works outdoors']",0
505,"['easy install shorten ', 'easy shorten beautiful rose gold color']",0
506,"['', 'easy ', 'year ', 'longer warranty smart durable']",0
507,"['', '', 'cost absolutely useless product']",0
508,"['bought ', 'charger working portion holder ', 'charger product']",0
509,"['inspire lunar white good hard set son ', 'return set']",0
510,"['horrible cheap knock buy data secure ', 'read']",0
511,"['nice party play store switched ', 'comparison']",0
512,"['great ', 'price ', 'returned ', 'cellular ', '', '', 'kind than']",0
513,"['previous series ', 'satisfied love display busy']",0
514,"['love inspire wasnt sleep ', 'helpful mobile easy ', 'convenient']",0
515,"['skeptical ', '', 'wondering procrastinating']",0
516,"['highly recommend buy upgrade display nice ', 'battery long lasting']",0
517,"['awesome ', 'medical ', 'easy ', 'blue cool']",0
518,"['series cellular cellular connect family ', 'and']",0
519,"['absolutely love buy pick perfect ', 'patient']",0
520,"['awesome purchase sale great purchase ', 'easy buy']",0
521,"['great ', '', 'mix wine metal mesh ', 'silicone']",0
522,"['speak ', 'battery good ', 'works fine']",0
523,['long time series bit worth money love awesome'],0
524,"['great comfortable approach ', 'that']",0
525,"['thinking series ', '', '', 'understood ', 'now']",0
526,"['husb', '', 'charge longer ', 'nice']",0
527,"['switched galaxy ', 'dont regret ', 'awesome battery life amazing ', 'love']",0
528,"['sharp simple clean design easy perfectly ', 'col', 'gorgeous']",1
529,"['', 'cant showing amazing piece technology ', 'great battery life']",0
530,"['', 'waterproof ', 'opportunity ', 'swimming']",0
531,"['great love text ', 'phone leaving stay free']",0
532,"['love phone ', 'return bulky ', 'great']",0
533,"['awesome product received gift ', '', 'received ', 'live']",0
534,"['strong strap felt durable ', 'easily cleanable ', '', 'lite broke set strap good ', 'money']",0
535,"['recommend ', 'price ', 'functionality interface easy ', 'which']",0
536,['works fully set nice bedroom bright night'],0
537,"['genuine leather strap ', 'excellent price series perfectly pink col', 'gold color']",0
538,"['love product ', 'couple ', 'enjoy works great ', '', 'physical activity']",0
539,"['love ', '', 'light night ', 'track sleep handy']",0
540,"['super easy ', 'feel ', 'protect expensive collect bit dust ', 'easily ', 'wipe clean']",0
541,['charge easier set activity charge swipes set start activity and'],0
542,"['super easy ', 'love avid runner ', 'than']",0
543,"['great coming huge upgrade ', 'love display fantastic ', 'easy setup works phone']",0
544,"['product time great shape ', '', 'organized ', 'provide area charge phone and']",0
545,"['great product works sleep water ', 'food check weather ', 'receive text']",0
546,"['perfect upgrade series ', 'decided treat dont regret purchase love']",0
547,"['great fit perfectly ', '', 'fraction cost highly recommend']",0
548,"['original charger ', 'broke bought replace ', 'worked great great price']",0
549,"['debating ', '', 'glad plan son ', 'version']",0
550,"['absolutely love ', '', '', 'super convenient ', 'love fitness option']",0
551,"['wow great barely ', '', 'sale jump exquisite']",0
552,"['happy ', 'battery life functionality']",0
553,"['', '', 'charge feel ', 'longer ', '', 'charge']",0
554,"['love big ', 'worth price and']",0
555,"['', 'times year jump ', 'happy highly recommend']",0
556,"['upgrade ', 'archaic ', 'previous generation higher']",0
557,"['athlete outdo', 'adventurer general sports fitness enthusiast great']",0
558,"['', 'replacement ', 'charge col', 'vibrant easy ', 'wash clean']",0
559,"['bought ', 'heart ', 'movement love']",0
560,"['favorite battery life infinitely longer ', 'comfortable ', 'easy']",0
561,"['bumper gold ', 'saved ', 'scratches accident prone highly recommend']",0
562,['love birthday wear everyday day love'],0
563,"['work ', 'time reply message phone handy reply']",0
564,"['good ', 'product ', '', 'what']",0
565,"['nice inexpensive charger worked ', 'wife pinch ', 'forgot charger ', 'heading town pickup great']",0
566,"['gifted wife ', '', 'ecstatic ', 'highly than']",0
567,"['user friendly basic light weight ', 'easy bind phone ', 'love heavy and']",0
568,"['series excellent heart rating breathing ', 'time stand']",0
569,"['double mouse pad banging edge ', '', 'price']",0
570,"['good bumper style ', 'dirty work ', '', 'replace']",0
571,"['blaze day battery life ', 'picked ', 'clock and']",0
572,['hubby easy battery charge day for'],0
573,"['love comfortable wear great easy clean ', 'wrist highly recommend']",0
574,"['', 'buy ', 'price ', 'time ', '', '', 'track activity ', 'ensure stay healthy']",0
575,"['long time ', 'finally unending absolutely love']",0
576,"['good product ', 'deaf people ', '', '', 'signal']",0
577,"['love glad bought phone ', 'calling ', 'respond text']",0
578,"['love heart monit', '', 'peace mind medium wrist ', 'perfect']",0
579,"['upgrade daughter communicate phone ', 'didnt huge price tag perfect option']",0
580,"['love headset big upgrade gear advice ', 'buy halo headset provide uncomfortable']",0
581,"['modal silicone ', 'blue daughter durable water bought colors']",0
582,['lost didnt buy'],0
583,"['great helpful ', 'work ', '', 'breathe ', 'road drive manual car']",0
584,"['purchase ', 'happy price ', 'service received knowledgeable ', 'friendly']",0
585,"['bought ', 'wife dresser ', 'fit feel ', 'appearance purchase']",0
586,"['good ', 'wife works ', 'recommend friend']",0
587,"['charge ', 'summer ', '', 'absolutely tracker']",0
588,"['happy inspire ', 'slim ', 'sleek battery charge ', 'long time today']",0
589,"['works great ', 'quick charge super bright ', 'nice cable charger ', 'worked']",0
590,"['love young lady ', 'outstanding job knew product ', '', 'priced']",0
591,"['charge replace nice ', '', 'fall']",0
592,"['long overdue ', 'refresh series ultra ', 'change love design and']",0
593,"['great battery life days solid charge size big ', 'feel big wrist']",0
594,"['sense charge ', 'love ', 'moving and']",0
595,"['replace week ', 'happy ', 'daily']",0
596,"['absolutely love ', 'super comfy ', 'glad chose']",0
597,"['work ', '', 'though description black edge ', 'display']",0
598,"['work ', 'plastic sticky ', 'easy ', 'drawing board']",0
599,"['longer works dead ', 'normal bought ', 'birthday unfortunate mistake purchase']",0
600,"['', 'good work ', '', 'slow ', '', 'returned and']",0
601,['mood doesnt work wrist hurt wear long lack feedback device hard track progress'],0
602,"['product time bought gift ', 'daughter ', 'didnt ', 'mommy']",0
603,"['bought replace ', 'great ', '', 'accurate lack annoying']",0
604,"['great rose gold downside ', 'material ', 'breathable sweat']",0
605,"['love series smooth ', 'flawlessly series ', 'meant']",0
606,"['item ', '', 'nice ', 'expensive ', 'expensive']",0
607,"['easy fan ', 'absolutely love special ', 'work dont carry phone']",0
608,"['good col', 'awesome disappointed ', 'area colors washed ', 'brilliant']",0
609,"['wasnt long ', 'wrist ', 'responsive version big upgrade charge']",0
610,"['love galaxy switch ', 'times stuck outdated ways paying outrageous ', 'limited']",0
611,"['', 'issue ', 'cannot resolve face']",0
612,"['love track physical activity ', 'love ', '', 'text message coming']",0
613,"['easily ', 'doesnt interfere cheap ', 'sturdy ', 'peace mind knowing']",0
614,"['charge love ', 'wearing ', 'love flexibility']",0
615,['inspire fitness tracker black great birthday gift easy good recommend'],0
616,"['good ', 'series ', 'worried scratches ', 'naked']",0
617,"['love ', '', '', 'year glad finally']",0
618,"['great power strip ', '', 'traveling ', '', 'phone tablet speaker and']",0
619,"['great deal stainless model high product ', 'upgrade improvement battery life day for']",0
620,"['daughter ', 'favorite col', 'mint green good price ', 'perfect fit ', 'series']",0
621,"['love series series ', 'good series bought br', 'great price']",0
622,"['', 'wife wanting blue replacement ', '', '', '', '', 'great shape good buy']",0
623,"['bad works perfectly fine ', '', 'save money easy setup love']",0
624,"['', '', 'absolutely love battery life good ', 'charging for']",0
625,"['', 'clean ', 'smooth fake ', 'plastic turn yellow']",0
626,"['set ', 'hooked phone person busy good service']",0
627,"['daughter perfect ', 'active love bouldering rock climbing ', 'col', 'for']",0
628,"['expect comfortable ', 'easy set battery life great']",0
629,"['love ready latest version ', 'funds recommend ', '', 'health and']",0
630,"['love choice purchase buy ', 'store']",0
631,"['gifted hubby ', '', 'light ', 'notice wearing']",0
632,"['permanent fixture easy ', 'attached gen']",0
633,"['great ', 'water ', 'scratches year great']",0
634,"['great ', 'perfectly ', 'sense peace ', 'phone surface']",0
635,"['unsurpassed ', 'tech great buy']",0
636,"['', 'st', 'charge ', 'idea ', 'time ', 'charging']",0
637,"['tough phone charger connection ', 'works great ', 'love ', 'throw charge']",0
638,"['pretty ', 'lot but']",0
639,"['', '', 'everyday ', 'feel lost glad finally decided purchase']",0
640,"['easy set ', 'stylish niece']",0
641,"['', 'ionic torn replacement item perfect ', '', 'color']",0
642,"['great ', 'good ', 'series snappy ', 'works great']",0
643,"['series daughter ', '', 'version ', 'birthday']",0
644,"['love love great ', 'love ', 'recommend']",0
645,"['bought health ', '', 'love wear single day but']",0
646,"['love ', 'calling ', 'pretty dose dose']",0
647,"['love change feeling love col', 'and']",0
648,"['love upgrade series love bigger ', 'love ', 'keyboard ', 'text']",0
649,"['love rocking ', 'addition ', 'amazing comfortable ', 'stylish']",0
650,"['series great buy easy ', 'delay lag works great regret']",0
651,"['love enjoying time ', 'design purchase ', 'teen ', '', 'love']",0
652,"['waiting ', 'watchless fit bit premium battery life sold']",0
653,"['love works ', 'phone reaching ', 'phone set easy ', 'nice']",0
654,"['son bought ', 'aunt ', 'flag colors support good']",0
655,"['year ', '', 'great everyday great purchase love bought']",0
656,"['absolutely love ', 'smart bit learning curve ', 'feel pretty comfortable now']",0
657,"['love sleek ', 'convenience literally kind product buy']",0
658,"['series works great love ', 'daily battery longer ', 'day ', '', 'love']",0
659,"['love pro easy ', 'love touch recognition ', 'connection unlock great']",0
660,"['', 'son ', 'absolutely ', 'ready ', '', 'awesome alternative']",0
661,['simple lot option company'],1
662,"['approach ', 'depend shot measuring pin actual location ', 'scoring good']",0
663,"['nice bike ', 'peloton works great magnetic resistance ', 'worth buy']",0
664,"['', 'price hybrid leather worth nice ', 'nice recommend']",0
665,"['great video pack excellent great length highly recommend ', 'mon item lots fun multiple times']",0
666,"['excellent light weight ', 'accurate reading husb', '', 'than']",0
667,"['', '', 'nice ', 'easy links adjust wrist']",0
668,"['love silver version series ', 'broke black ', 'clean finish']",0
669,"['combination cell phone ', 'st', 'sturdy ', 'great ', 'price highly recommend']",0
670,"['', '', 'health ', 'phone ', 'great start ', 'long time']",0
671,"['love series smooth ', 'flawlessly series ', 'meant']",0
672,"['love ', 'track step ', 'recommend love']",0
673,"['great workout tracker nice display satisfied purchase ', 'glad saved extra']",0
674,"['bought ', 'son ', 'work ', 'great product']",0
675,"['love beautifully built piece love ', 'time lift arm']",0
676,"['', 'series ', 'series highly recommend ', 'battery life greatly worth upgrade']",0
677,"['series great love ', 'text amazing glance love']",0
678,"['comfortable great silver col', 'beautiful ', 'great great combination colors']",0
679,"['happy charge comfortable wear wrist ', 'display pretty tough item']",0
680,"['', 'wife ', 'works great ', 'easy ', 'product credit ', 'mindfulness']",0
681,['magnetic charging cable bought extra office charge forget charge'],0
682,"['', 'birthday absolutely works great battery life ', 'deal breaker']",0
683,"['perfect ', 'easily ', 'constantly cell phone']",0
684,"['charge working ', 'connected properly touchy works']",0
685,"['cannot beat price mile ', 'hour ', 'charge week']",0
686,"['bought ', 'charge ', 'wife decide ', 'comfortable ', 'for']",0
687,"['great leather sturdy ', 'durable ', 'bought for']",0
688,"['', 'family member ', '', 'greater versatility family member device']",0
689,"['heavy duty ', 'charge ', 'everyday recommend']",0
690,"['big upgrade ', 'series loving smoothness ', 'multiple lag color']",0
691,"['absolutely love perfect small wrist satisfied purchase ', '', '', 'long']",0
692,"['works inexpensive solution ', 'purchase expensive charging cube for']",0
693,['priced notification highly recommend product'],0
694,"['replace year ', '', 'assuming real profit']",0
695,"['bought ', 'broke money guarantee ', 'shipping ', 'handling worth']",0
696,"['clasp stay ', 'day fell wrist ', 'broke ', 'stay']",0
697,"['fit large click housing ', 'buy waste time ', 'money']",0
698,"['', 'charge warranty good ', 'days cannot support']",0
699,"['good works great galaxy phone ease ', 'for']",0
700,"['great product love ionic ', 'though recommend meet basic']",0
701,"['nice works cant track ', 'occasionally disconnect ', 'purpose and']",0
702,['basically talk text happy purchase'],0
703,"['wonderful job scratches ', '', '', 'spent hard money']",0
704,"['fine ', 'fit charge perfectly ', 'ring ', 'rest broke']",0
705,"['series ', 'lightweight ', 'price cant beat']",0
706,"['series simple navigation tricky times ', 'bought sale']",1
707,"['ill start review dont buy promote exclusively phone happily android ', 'dont']",0
708,"['great ', '', '', '', 'love convenience ', 'plan buy older version']",0
709,"['', 'expensive ', '', 'pay for']",0
710,"['catalyst ', 'great product protect']",0
711,"['love tortoise happy ', 'feel extra pop']",0
712,"['comfortable worn black ', 'brown easily sync wardrobe']",0
713,"['pretty straight ', 'practically universal ', 'built charging cable']",0
714,"['absolutely love perfectly ', '', 'awesome buy ', 'helping decide ', 'for']",0
715,"['absolutely love series ', 'heart monit', 'love']",0
716,"['specially ', 'work physically pull phone text']",0
717,"['winner replace model ', 'original satisfactory respect']",0
718,"['', '', 'figured']",0
719,"['', '', '', 'finally decision purchase']",0
720,"['great product ', '', 'nice daughter ', 'graduation gift happy']",0
721,"['', '', '', 'havent amazing ', 'product']",0
722,"['life wake ', '', 'phone ', 'harder ', 'unplug']",0
723,['absolutely bomb dot closure magnetic sons for'],0
724,"['bought ', 'active ', '', '', 'series durable comfortable ', 'stylish']",0
725,['bought wife track fitness resolution'],0
726,"['platinum leather ', 'inspire ', 'inspire copper perfect ', 'colors ', 'standard']",0
727,['happy purchase good price sale exploring'],0
728,"['great ', 'price ', '', 'wasnt protecting bought days']",0
729,"['amazing ', '', '', 'daily life ', 'work glove ', 'doesnt disappoint for']",0
730,"['cant wrong ', 'amazing highly recommend running ease']",0
731,"['fantastic ', 'person ', 'underst', 'series series extremely helpful']",0
732,['real gold class tech device jewelry collection'],0
733,"['buy buy ', 'love adorable fit adjust ', 'fit wrest']",0
734,"['wife lot issue fall detection message ', 'catch loose']",0
735,"['perfect feel lightweight ', '', 'easier']",0
736,"['good strap hard works ', 'original strap but']",0
737,"['great alternative ', 'fitness calorie counting lose ', 'counting lightweight ', 'cute']",0
738,"['', 'work ', 'work medical field super easy ', 'love and']",0
739,"['', 'time ', 'decided finally']",0
740,"['worried wasnt compatible note ', '', 'fully paired fine ', 'love']",0
741,"['ionic ', 'stopped charging ', 'warranty ', 'liking']",0
742,"['long ', 'great phone purse and']",0
743,"['bought ', 'heart ', 'movement love nit']",0
744,"['', '', '', 'honestly comparable though']",0
745,"['wife couple ', 'unit easy ', 'fit ', 'wife']",0
746,"['smart ', 'diet time purchase ', 'glad ', '', 'loving']",0
747,['bought open box longer standard connection power which'],0
748,"['good fit ', '', 'time user ', 'ensure safety for']",0
749,"['pretty ', 'affordable envy super expensive ', 'cost fortune easy manage lovable pink']",0
750,"['preferential price smart ', 'good ', 'what']",0
751,"['good product ', 'health great battery life longer']",0
752,"['love product ', '', 'imagine ', 'when']",0
753,['works compliment charger series power adapter'],0
754,"['lot charge ', 'broke ', 'bought works ', 'data than']",0
755,"['bought ', 'husb', '', '', 'mention ', '', 'easier share']",0
756,"['comfortable ', 'ventilation great ', 'exercise highly recommend for']",0
757,"['sturdy charger fit perfectly great ', 'keeping ', 'phone place ', 'worth price']",0
758,"['comfortable lost ', '', 'undone easily and']",0
759,"['excellent replacement affordable ', 'high cute col', 'ordered ', 'family ', 'charge']",0
760,"['', 'wife ', 'returned ', '', 'designed work']",0
761,"['buy pick ', 'previous ', 'tearing great love']",0
762,"['test ', 'worth price exercise ', 'lighter ', '', 'battery life great']",0
763,"['great st', '', 'breathe design lot learn']",0
764,"['love ', 'charge quick easy apply detailed helpful affordable']",0
765,"['', 'wife ', 'than']",0
766,['series awesome hybrid face nice for'],0
767,"['repair tech didnt absolutely product ', 'cant wait coming']",0
768,"['wife love ', '', 'fitness for']",0
769,"['', 'purchase undoubtably smart market']",0
770,"['love battery life multiple ', 'battery life night']",0
771,"['plug accompany gift ', 'didnt included good works intended']",0
772,"['product works bit time strap havent ', '', 'works great']",0
773,"['love love love series life easier carry phone ', '', 'unable who']",0
774,"['', '', 'wore day ', 'feel model nice']",0
775,"['works charger ', 'bulky ', 'job and']",0
776,"['love inspire fitness tracker easy ', 'track ', 'heart rate stay fit']",0
777,['love dont variety free for'],0
778,"['super easy ', 'pool ', 'great ', 'summer ', 'wrist heat ', 'humidity']",0
779,"['wonderful monit', 'love ', '', 'phone works']",0
780,"['', '', 'love great product problem battery life ', '', '', 'complaint']",0
781,"['love check heart rate ', 'check heart ', 'fib awesome access check heart rhythm']",0
782,"['love ', 'moving ', 'hit gym']",0
783,"['', '', '', 'hesitant bulk small great ', 'love']",0
784,"['favorite charger car ', 'charge stunning easy ', 'word pro']",0
785,"['works ', 'stopped working great backup charger ', 'expensive branded']",0
786,"['great deal everyday personal trainer ', 'helpful love track compete']",0
787,"['oxygen meter accurate ', 'heart rate reading accurate works ', 'and']",0
788,"['', 'love favorite ', 'st', 'goal track fitness']",0
789,"['charge working great ', 'android accurate granite sweaty']",0
790,"['replace ', 'daily great replacement that']",0
791,"['switched ', 'switched ', 'love review']",0
792,"['love dont charge days days ', 'workout and']",0
793,"['decent bigger ', 'product recommend ', 'easy']",0
794,"['series good ', 'teens wanting sleek design performance great']",0
795,['worth penny lot battery long time track sleep nice'],0
796,"['', 'bit decided mid price option love ', 'highly recommend']",0
797,"['great wireless charging solution ', '', 'phone single cable ', 'transformer included high feel']",0
798,"['enjoying lot ', '', 'learn']",0
799,"['happy size ', 'favorite love col', 'and']",0
800,"['sweet spot ', '', 'love great ', 'battery day']",0
801,"['easy ', 'button ', 'emergency number recommend item']",0
802,"['waste money works ', 'charge ', 'charger port fit properly piece']",0
803,['return charge time charge phone time'],0
804,['return expect remember correctly cant people trust connection'],0
805,"['great product ', '', 'functionality though and']",0
806,['hold phone support adjustable phone small wallet great'],0
807,"['waiting purchase ', 'sale convenient battery longer']",0
808,"['fine great ', 'didnt ', 'fully good']",0
809,"['love wireless charger ', 'phone ', 'gear phone sitting properly lose wireless charge']",0
810,"['love ', 'disappointed graphics ', 'previous graphics ', 'times']",0
811,"['works pretty good problem ', 'easy access ', '', 'water']",0
812,"['', 'bigger nice battery life good ', 'day']",0
813,['love track basic health blood majority what'],0
814,"['dont pay send pretty good doct', '', 'expensive']",0
815,"['love track ', 'day ', 'heart rate pretty accurate ', 'spot']",0
816,"['', 'user ', 'unnecessarily complex and']",0
817,"['perfect gift ', 'day literally wife arrive time and']",0
818,"['smaller prefer smaller size ', 'light wrist']",0
819,"['pretty straight ', 'practically universal ', 'nicely built charging cable']",0
820,"['great piece technology model ', 'huge difference loving level for']",0
821,"['enjoying tremendously ', '', 'daily days charge great']",0
822,"['good great built red col', 'beautiful metallic ', 'red recommend']",0
823,"['learn ', 'chose ', 'life alert']",0
824,"['small sleek ', 'accurate inspire love gemma mart small sleek ', 'accurate review']",0
825,"['', 'linked fit ', 'sale price good']",0
826,"['charge working ', 'set though older set']",0
827,"['', '', '', 'size issue ', 'awesome lots ', 'tough']",0
828,"['love size great fit perfect love ', 'cant quick phone time']",0
829,"['series ', 'receive easy ', 'record exercise routine']",0
830,"['absolutely love series ', 'keeping track totally addicted ', 'wear everyday']",0
831,"['great deal ', 'selling ', 'suppose good experience buy set broken']",0
832,"['love ', 'easier handle ', 'lot opinion']",0
833,"['love purchase ', 'stay organized ', 'active highly recommend']",0
834,"['love series fitness ', 'productive']",0
835,"['br', 'series ', '', 'size worth price works flawlessly ', 'sealed box']",0
836,"['series ', '', 'battery']",0
837,"['prefer original open box ', 'knock soft ', 'comfortable']",0
838,"['big fan love option wrist nicely ', 'enjoy compass series']",0
839,"['bought ', 'son ', 'col', 'blue ', 'change col', 'graduation']",0
840,"['lot series ', 'lot']",0
841,"['wear day everyday quick charge ', 'day absolutely ', 'since']",0
842,"['love love love ionic loyal customer ', '', 'device ', 'honestly favorite']",0
843,"['', 'husb', '', 'felt making phone wrist time partial disconnect']",0
844,"['', 'birthday ', '', 'works br', 'wrong buy']",0
845,"['love ', '', '', 'battery life great highly recommend']",0
846,"['super love ', '', 'didnt upgrade but']",0
847,"['version love bigger ', 'responsive series']",0
848,"['works fantastic box easy ', '', 'reasonable price']",0
849,"['cord perfect job efficiently ', 'portable change bit longer']",0
850,"['perfect bed table ', 'easy bed huge ', '', 'phone ', 'charge ', 'sleep']",0
851,"['nice strong leather beautiful perfect ', 'highly recommend product job']",0
852,"['series great ', 'health ', 'everyday life time']",0
853,"['gear ', 'pretty great sleep ', 'layer']",0
854,"['love ', 'price cant beat husb', 'paying ', 'data plan good']",0
855,"['lie super decided ', 'working ', 'working ', 'handy']",0
856,"['great addition ride ', 'stays tight vibration ', 'wind hesitate purchase']",0
857,"['finally ', 'sense charging station ', 'charge phone ', 'time convenient location']",0
858,"['gift ', 'love awesome ', 'flex highly']",0
859,"['', 'love love love big fan thinking disappointed']",0
860,"['love small size classic squared sleep work ', '', 'heart rate pretty ', 'good']",0
861,"['blaze ', 'switched glad disappointed']",0
862,"['inspire ', 'love wear time ', 'dont worry wet highly recommend device']",0
863,['love works great air unlock cool that'],0
864,"['lot missing couple ', '', 'price match connection easy ', 'simple']",1
865,"['love ', 'discount buy ', 'easy purchase ', '', 'tech']",0
866,"['repair tech didnt absolutely product ', 'cant wait coming']",0
867,"['love ', 'break ', 'life chaotic nice reminder ', 'break']",0
868,"['purchase series ', 'battery life extra charge ', 'night']",0
869,"['', 'buy excellent talk ', 'work stopping work answer']",0
870,"['', 'wanting ', '', 'that']",0
871,"['high ', 'device control mechanism large dial']",0
872,"['replacement ', 'lost charge charge ', 'seek fitness monit', '', 'great']",0
873,"['love bought original working today love fantastic ', 'great health']",0
874,"['bought gift friend ', 'enjoying everyday highly recommend product']",0
875,"['enhance ', 'magnetic ', 'easy buy product color']",0
876,"['super convenient ', 'protecting table ', 'wall times ', 'damages glad purchase']",0
877,"['perfect ', '', '', '', 'recommend']",0
878,"['love bought ', 'series broke ', '', 'time ', 'upgrade']",0
879,"['pretty nice fitness stay ', 'for']",0
880,"['great stainless steel variance keeping ', 'spend money and']",0
881,"['clear bumper protect ', 'clear ', 'attractive col', 'visible']",0
882,"['love user friendly purchase ', 'style honest']",0
883,"['great tool ', 'link size ', 'tool ', 'time']",0
884,"['love bracelet comfortable ', 'stylish recommend ', 'style']",0
885,"['huge upgrade stylish ', 'works flawless ', 'big']",0
886,"['bought series ', 'starter comfortable easy battery life issue recommend']",0
887,"['', 'learn lesson year ', 'charge month ', 'good']",0
888,['clasp fell losing lucky location phone day long return wast money'],0
889,"['considerably ', 'charger short cable length nice ', 'charger that']",0
890,"['bought ', 'wife ', 'display beautiful ', 'works ', 'lot']",0
891,"['bought sleep ', '', '', 'day remember pretty comfortable']",0
892,"['wife ', 'son ', 'love update tricky times ', '', '', 'good']",0
893,"['works protecting bump notice ', 'chip bit ', 'save breaking']",0
894,['perfectly charge size smaller lot extra'],0
895,"['lose ', 'purchase care leaving ', 'weight gym']",0
896,"['time ', 'specially heart sens', 'lot track recommend']",0
897,"['magnetic charging cable ', 'meant ', '', 'nicely travel mount']",0
898,"['good solid ', 'bit clumsy magnet ', 'sturdy ', 'comfortable']",0
899,"['', 'friend sale ', 'great price ', 'absolutely highly']",0
900,"['bad ', 'finally caught steal love ', 'change great product']",0
901,['purchase hope open battery'],0
902,"['track health ', 'lost lot weight awesome ', 'highly recommend ', '', 'perfect']",0
903,"['highly recommend ', 'size love recommend future buy']",0
904,"['good complimentary ', 'switch for']",0
905,"['love compare ', 'works perfect great ', 'exercise']",0
906,"['', 'daughter didnt ', 'feminine happy']",0
907,"['', 'younger ', '', 'fantastic ', 'price']",0
908,"['excellent sale ', 'opportunity ', 'buy purchase']",0
909,"['love working ', 'yard work enjoyable pair listen phone']",0
910,"['love convenient ', '', 'phone ', 'trade']",0
911,"['switched series fantastic upgrade ', 'worried knocking happy']",0
912,"['great product plan open ', 'close do', 'good']",0
913,"['reason ', '', '', 'working']",0
914,"['wasnt ', '', '', 'love ', '', '', '', 'day']",0
915,"['love great phone pocket ', 'working phone']",0
916,"['love easy ', 'paying ', 'wallet ease ', 'lot accessible wrist']",0
917,"['love ', 'older ', 'working great']",0
918,"['good wise ', 'battery life longer charge night ', 'wore day']",0
919,"['display feel standard ', 'battery life unbelievable']",0
920,"['', 'keeping task fitness time pandemic']",0
921,"['light weight ', 'accurate love accountability phone ', 'free now']",0
922,"['bought spare charger ', 'battery charger works great ', 'battery']",0
923,"['series ', 'recommend']",0
924,"['great series great battery life day ', 'day buy quick fast ', 'reliable']",0
925,"['glasses great eye strain ', 'sleep tracked charge recommend']",0
926,"['favorite phone perfect ', 'work because']",0
927,"['great device everyday battery life amazing ', 'store music ', 'great']",0
928,"['functionality glad didnt pay ', 'model because']",0
929,"['smart ', '', '', '', 'series bigger ', 'rounded awesome']",0
930,"['nice lots recommend product battery life good ', 'charge remain ', 'days']",0
931,['strong nicely charge didnt and'],0
932,"['great ', 'days ', 'battery life basic comparable']",0
933,"['worn daily ionic dont ', 'lot ', '', 'device']",0
934,"['charging cable ', '', 'bought works ', 'price good buy ', 'recommend']",0
935,"['', '', '', 'long']",0
936,"['', 'view ', 'send performance price cheap for']",0
937,"['live ', 'whoop tracker love connected ', 'phone']",0
938,"['time hubby bought ', '', 'finally split']",0
939,"['great ', 'great price ', 'great highly recommend buy']",0
940,"['received day gift perfect compact device charge phone ', 'fast charging ', 'works']",0
941,"['lite great stay healthy price sleep monit', 'great']",0
942,"['gift ', 'comfortable wear happy']",0
943,"['partner wanting ', 'cant group']",0
944,['love generation faster phone great worth money'],0
945,"['health fantastic worse ', 'galaxy active enjoy']",0
946,"['wear time charge ', 'classy ', 'fun comfortable ', 'easy links fit wrist']",0
947,"['', 'simple ', 'quick long ', 'unlock good']",1
948,"['daughter excited ', '', 'reaching exercise ', 'st', 'win win for']",0
949,"['', 'bit long compatible charger works series fast']",0
950,"['great smart love ', 'ease view concern scratching cracking']",0
951,"['love disadvantage ', 'couple ', '', 'battery long before']",0
952,"['big upgrade series ', 'lot cool ', 'series didnt ', 'battery life']",0
953,"['bar ', 'fitness ', 'style leave motivate active ', 'godsend']",0
954,"['love upgrade fir birthday series ', 'figured time upgrade love']",0
955,"['', '', 'great product ', 'great afraid hurt great replacement for']",0
956,"['daughter ', '', 'love daughter ', 'happy papa smile']",0
957,"['love long charge days dislike dress ', 'nice dress']",0
958,"['', 'husb', 'wear ', 'working garden lot']",0
959,"['love charge charge suddenly stopped working ', 'matter ', 'wouldnt work glad bought charge']",0
960,"['expect smart phone level ', 'android']",0
961,"['wife ', 'surprise charging adapter works perfectly ', 'damn shame ', 'buy']",0
962,"['small size charge short time ', 'working nice easy adjustment fit easy change']",0
963,"['series series love display ', 'series']",0
964,"['original cable ', 'wouldnt charge properly st', 'thickness ring doesnt charge properly']",0
965,"['stay charge times day ', 'store defective box']",0
966,"['', '', 'doesnt fit ', 'professional']",0
967,"['', 'inspire ', 'battery ', 'week ', 'rendering pretty useless']",0
968,['ill love series ass geet'],0
969,['love complaint battery day open recommend'],0
970,['shipped paper unbelievable damage good job update works fine thankfully'],0
971,"['face real game changer ', '', 'previous version']",0
972,"['pretty good easy clean mild soap ', 'water perfectly happy purchase ', 'recommend']",0
973,"['nice design good magnet strong fall kind expensive ', 'good']",0
974,"['good protect ', 'hard ', 'easier ', 'cleaning']",0
975,['visiting figure manual reference'],0
976,"['wife ', 'travel wont long loose charger replacement affordable ', 'works']",0
977,"['nice ', 'price bought ', 'wife ', 'handed daughter works']",0
978,"['easily ', '', 'caught plastic ', 'protect nicely']",0
979,"['works fine ', 'charging disappointment purchase separately included']",0
980,"['perfect addition sense ', 'easy ', 'active ', 'ecosystem reason']",0
981,"['bought love great lighting love charge phone ', 'night st', 'nicely built']",0
982,"['series met ', 'fitness target exercise incoming phone']",0
983,"['work long ', 'phone text ', '', 'soother cool']",0
984,"['', 'version slim ', '', 'big ', 'bulky whatsoever']",0
985,"['', 'time ', 'expect great dont havent bought sooner']",0
986,"['replacement ', 'charge buy replacement order ', 'pay additional shipping']",0
987,"['', 'day ', 'love ', 'doesnt feel bulky wrist feel']",0
988,"['great ', '', 'longer than']",0
989,"['love ionic ', '', 'expensive ', 'worked good']",0
990,"['great love col', 'buy expensive ', 'store buy']",0
991,"['bigger face ', 'dictation ', 'great product']",0
992,"['upgrade previous disappoint ', 'waterproof ', '', 'functional for']",0
993,"['series amazing super fast bright crisp ', 'clear oxygen sens', 'works great super easy set ', 'great product']",0
994,"['disappoint ', 'process buy quick ', 'easy']",0
995,"['love phone ', 'return bulky ', 'great']",0
996,"['perfect fit easy install durable comparable ', 'affordable glad purchase recommend']",0
997,"['sport loop ', '', 'favorite style lightweight comfortable sweatproof adjustable ', 'perfect fit']",0
998,"['interact day long returned upgrade series ', 'worth investment']",0
999,['finally works great ways neighborhood everyday'],0
